date,GOADI
1993-01,-2.112678785381478
1993-02,0.670843105129319
1993-03,0.6139322644721097
1993-04,1.3950783517795562
1993-05,1.015487485492786
1993-06,0.682439464418419
1993-07,-0.5206387719510734
1993-08,-0.8211955465604559
1993-09,-1.5899034740877513
1993-10,-1.112540633783031
1993-11,-2.180336234599524
1993-12,-1.0700530455686474
1994-01,-1.1600147031260308
1994-02,-0.7619948793417297
1994-03,-0.4363162353675084
1994-04,-0.6574560089576732
1994-05,-0.2005816080054936
1994-06,-0.12407831121498109
1994-07,-0.430745658236008
1994-08,-0.4860602845825597
1994-09,-0.21415683332902544
1994-10,-0.19951634880810276
1994-11,-2.346693622699835
1994-12,-0.1917521770947955
1995-01,0.9703727209816964
1995-02,0.19451605528218247
1995-03,0.6056007922547247
1995-04,-0.07332162321365411
1995-05,-0.7321390625541878
1995-06,-0.11150468575174959
1995-07,-0.07123918313029225
1995-08,-0.3963181736066525
1995-09,-0.05758181543316931
1995-10,-0.15395812677254425
1995-11,-0.18033942165793987
1995-12,0.2550712371821451
1996-01,-0.8684742979382746
1996-02,-0.4597933297655381
1996-03,-0.33331890012231374
1996-04,0.5022019782523449
1996-05,0.14038407116591292
1996-06,-0.2491005509131001
1996-07,-0.4332449901679778
1996-08,-0.2800214368008204
1996-09,-0.19222367573564164
1996-10,-0.28232361885390006
1996-11,-0.8355259307633287
1996-12,-0.09484040829244604
1997-01,-0.248273498669795
1997-02,0.7936600481953366
1997-03,0.1347720760615356
1997-04,0.6676884992603205
1997-05,0.2920220630990149
1997-06,1.1834581503301813
1997-07,1.082142027027363
1997-08,0.9351237375412739
1997-09,1.0576384360610245
1997-10,0.9217498260227657
1997-11,2.5956207009830248
1997-12,2.335949345755925
1998-01,1.821657953754223
1998-02,4.26445837322457
1998-03,0.9183949033849933
1998-04,0.2247509493518896
1998-05,-0.48332450419115586
1998-06,-0.6891862564894001
1998-07,-0.28112112503443976
1998-08,-0.08453155112180863
1998-09,-0.28919053742192313
1998-10,-0.7101137709761842
1998-11,0.006036922416044528
1998-12,-0.4132509269117086
1999-01,-2.1747207466147755
1999-02,0.2378514678871037
1999-03,0.6478702253843623
1999-04,-0.3783484982578858
1999-05,-0.3532191033909145
1999-06,0.020512885214108968
1999-07,0.013508180250000612
1999-08,0.09536662496281785
1999-09,0.18038555998426517
1999-10,-0.788390377508192
1999-11,0.7922435303252213
1999-12,-0.5273567741192482
2000-01,-2.1177599057315786
2000-02,0.5048187166881987
2000-03,1.1207109632065733
2000-04,0.5021606494455002
2000-05,0.7991932444375873
2000-06,0.6010434438446131
2000-07,0.3810440753707784
2000-08,0.18370887080107826
2000-09,-0.424611204265105
2000-10,-0.12524707415057992
2000-11,-0.3248213817923969
2000-12,-0.006415312260809767
2001-01,0.6738125977046899
2001-02,-0.8559641044311926
2001-03,-0.19243564413775247
2001-04,-1.0391581069362308
2001-05,0.30777462561825275
2001-06,0.2969543867714939
2001-07,-0.21800103504330007
2001-08,0.6390961978927368
2001-09,0.7310096402741924
2001-10,-0.12495271081732855
2001-11,1.341983477670114
2001-12,-0.4591562640138236
2002-01,0.022775068407053487
2002-02,0.09433797811255956
2002-03,0.49638754329244383
2002-04,-0.9811231077851393
2002-05,-1.1195363999424375
2002-06,-0.0902588616643341
2002-07,0.3649414081652019
2002-08,-0.01545824123079488
2002-09,-0.2830883152014671
2002-10,-0.7779901105977853
2002-11,1.9048627192895444
2002-12,2.104681228625286
2003-01,2.4271600031644396
2003-02,-0.18174325248461834
2003-03,0.2101822481604521
2003-04,0.5253800755490733
2003-05,0.5732751272504804
2003-06,0.1428792530613245
2003-07,0.37102109485817975
2003-08,0.5244478864761434
2003-09,1.1216924424739756
2003-10,1.7780089855654644
2003-11,-0.3770988024040326
2003-12,0.973312558488792
2004-01,1.047723776692143
2004-02,1.6924553186125404
2004-03,0.22294636157538938
2004-04,1.4104200326441303
2004-05,-0.13341419328157267
2004-06,0.40837173175915814
2004-07,0.5667602471836288
2004-08,0.28501867413391313
2004-09,0.34788830377693314
2004-10,-0.6771670725828933
2004-11,-1.3260276796158919
2004-12,-1.8066005226122623
2005-01,-1.065725345189645
2005-02,-0.8159547300224067
2005-03,-0.39298107728603054
2005-04,-0.3249657391398062
2005-05,0.4430334115153052
2005-06,-0.8902519823678263
2005-07,-0.39544051000459185
2005-08,-0.010209152810429462
2005-09,-1.1155123626895487
2005-10,-0.4190220368348147
2005-11,-0.40433513076372307
2005-12,0.3234047173936555
2006-01,0.6862600935950944
2006-02,-0.4249875530116872
2006-03,0.2892417173455365
2006-04,0.5730324218535103
2006-05,0.2741487771368632
2006-06,0.8925155302824705
2006-07,-0.007493546221417559
2006-08,0.03362124602893807
2006-09,-0.1361123516859705
2006-10,-0.9626371525223205
2006-11,-0.3234710737030847
2006-12,0.24446732672595198
2007-01,-1.3687728891439965
2007-02,-0.6482041458104529
2007-03,-1.1567523968228726
2007-04,-0.14236286919076233
2007-05,-0.26348073319687276
2007-06,-0.31382894887130874
2007-07,0.07157043322002515
2007-08,-0.05855403148996787
2007-09,-1.1571294650695154
2007-10,-0.6853012150502642
2007-11,-0.7517373376619233
2007-12,-0.9624191922793569
2008-01,-0.8214289230139
2008-02,-0.27708864228014446
2008-03,0.1381563321116029
2008-04,-0.7883207638739174
2008-05,0.22515528371828686
2008-06,0.256805117570692
2008-07,0.77105251073576
2008-08,1.3828666181000557
2008-09,0.3899760192830959
2008-10,-0.12372840584184248
2008-11,0.2448534258554718
2008-12,-1.5965239585486686
2009-01,-1.68400279091219
2009-02,-1.8038537717165921
2009-03,-1.0843178780608467
2009-04,-1.2486420874656512
2009-05,-0.8183499195990402
2009-06,-0.21545274783698035
2009-07,-0.6943278053565188
2009-08,-0.39597694433122127
2009-09,1.1033080967854505
2009-10,0.3351903811308952
2009-11,0.7038098716423663
2009-12,0.005198959439556845
2010-01,2.6960460263540553
2010-02,2.85474738697737
2010-03,1.7570335574435296
2010-04,1.580652207098618
2010-05,0.7077006322443183
2010-06,0.6369277760351865
2010-07,-0.7375232647721028
2010-08,-1.239982480512082
2010-09,-0.5345521840698848
2010-10,0.38695120218839035
2010-11,0.4302747824422384
2010-12,0.9121521065127729
2011-01,-0.5367123272589452
2011-02,-1.2947684352276527
2011-03,0.6233687565711903
2011-04,0.38939947092623334
2011-05,0.7504711395632484
2011-06,-0.37352078084509266
2011-07,0.16259061398678326
2011-08,-0.005874230129948299
2011-09,0.4631026158268822
2011-10,0.3439363682808709
2011-11,-1.5052151341790836
2011-12,-2.359253105914396
2012-01,-1.4255757763957255
2012-02,-0.24147672280271626
2012-03,-0.991514013946024
2012-04,1.2952626275210783
2012-05,0.4942775280612484
2012-06,0.18821599348574575
2012-07,0.049350794297116196
2012-08,-0.15605916473682563
2012-09,-0.649480273515128
2012-10,-0.7199979304052848
2012-11,0.5946372745924036
2012-12,0.05923274158877382
2013-01,-1.0705072548895078
2013-02,-1.7563792134046492
2013-03,-1.2123968259595648
2013-04,-1.0392502950842615
2013-05,-1.242832147062625
2013-06,-0.9382978834953881
2013-07,-0.9921501077206591
2013-08,-0.6249126660443173
2013-09,0.29886392004344947
2013-10,-0.6512280063528174
2013-11,-1.1980257218549173
2013-12,-2.7454099651170876
2014-01,-1.637991023229486
2014-02,-0.897418999200133
2014-03,-0.37170416629448993
2014-04,-0.0302302788831992
2014-05,0.7678855306713758
2014-06,-0.5031790566104924
2014-07,0.3362839933114733
2014-08,0.36065883720287023
2014-09,0.48699791078978183
2014-10,2.2107814215516988
2014-11,1.5096749543664807
2014-12,2.1385277107740537
2015-01,1.2218086981528034
2015-02,1.7993709340885842
2015-03,0.44906628171291924
2015-04,1.2258850488729651
2015-05,0.636072547118882
2015-06,0.5006030359199719
2015-07,0.6459335625851744
2015-08,0.33989498642818106
2015-09,0.451322623841946
2015-10,1.488572372386979
2015-11,-1.1223676217679996
2015-12,0.8691768524240707
2016-01,2.9642873474393214
2016-02,2.9213030408420115
2016-03,3.3344881228191303
2016-04,1.5571790145921
2016-05,0.48111505310815744
2016-06,0.7118265361334695
2016-07,0.6889253204706097
2016-08,0.21952265406278318
2016-09,0.644954837670185
2016-10,1.658057555850637
2016-11,3.4070859020415813
2016-12,-0.18514833939606273
2017-01,-0.15321493040573697
2017-02,0.43035762786484927
2017-03,0.425863585293078
2017-04,1.178850718971131
2017-05,0.24627436586907372
2017-06,0.5920599974312739
2017-07,0.36206628631637705
2017-08,0.39459454837099694
2017-09,0.22984883155952365
2017-10,-1.021087674927874
2017-11,0.009296063685471354
2017-12,0.11233039673204485
2018-01,0.6381023450066893
2018-02,-1.1383014490457033
2018-03,-1.220156625650361
2018-04,-0.3736575382630797
2018-05,-0.4288678395938114
2018-06,-0.17430853337228708
2018-07,-0.6366735088622189
2018-08,-0.6360602118955647
2018-09,-0.8109222219731369
2018-10,-0.1546916084537405
2018-11,0.50120603497211
2018-12,1.0509249933854439
2019-01,-0.09942304442960728
2019-02,-1.6225009067341594
2019-03,-0.75276491061783
2019-04,0.06449996731284993
2019-05,-1.2075049646359817
2019-06,-1.4203806735311302
2019-07,-0.848084877358348
2019-08,-0.8501063475103183
2019-09,-0.9795201323205984
2019-10,-1.5213737161926968
2019-11,-1.6772528494150611
2019-12,-0.2885043749251231
2020-01,-1.7438850193787212
2020-02,-2.0259751097407905
2020-03,-2.60655225265381
2020-04,-2.2768709885640805
2020-05,-0.42391217311520546
2020-06,-1.1236772939148136
2020-07,-1.066063989861178
2020-08,-0.44455959696223185
2020-09,-0.12022250673687458
2020-10,-0.43095526442813054
2020-11,-2.152986715679649
2020-12,-0.6318584248952948
2021-01,0.42719023269026707
2021-02,-0.5512794902782342
2021-03,-1.4827105047025755
2021-04,-2.1981634146501814
2021-05,-0.9973889143396263
2021-06,-0.21038485836311477
2021-07,-0.4559997954556028
2021-08,-0.8438442152334773
2021-09,0.15350699901431364
2021-10,0.5749295149646374
2021-11,0.7344158272422273
2021-12,-1.829452486512477
2022-01,-0.10901347433645066
2022-02,-1.1192587570111008
2022-03,0.595570299160258
2022-04,0.289281158847962
2022-05,0.17854744580488166
2022-06,0.8026994835748981
2022-07,0.9073705293832875
2022-08,0.4240403713218058
2022-09,0.3041097517283383
2022-10,-0.2288862006588334
2022-11,-0.490546255414851
2022-12,-0.2695860316805241
2023-01,1.2862003310398205
2023-02,-1.0902066523476825
2023-03,-1.186625728190749
2023-04,0.27694936022455235
2023-05,0.728147809699345
2023-06,0.07029350635376248
2023-07,0.01796926874417368
2023-08,0.6034440540186289
2023-09,0.373654345130298
2023-10,0.7987238153486288
2023-11,0.15453854126340583
2023-12,0.7643303757594243
2024-01,0.39093561614210687
2024-02,0.17847476963226908
2024-03,-0.4148903057346013
2024-04,-1.8894838593647354
2024-05,-1.24704287466767
2024-06,-0.6024435500316272
2024-07,-0.5638049500091206
2024-08,-0.501030918914335
2024-09,-0.8266946408322028
2024-10,0.14893259704549092
2024-11,-0.03416677151253282
2024-12,1.6893210391772362
2025-01,0.022233373192217028
2025-02,0.1882121488249713
2025-03,1.1459556927792174
2025-04,1.0312099916232045
2025-05,1.010790714444491
2025-06,0.3756472357376506
2025-07,0.9744450323243321
2025-08,0.9752692617436904
2025-09,0.6051026156368021
2025-10,0.718535181596391
2025-11,1.6966601885448147
2025-12,0.9637702580608754
2026-01,0.40015638818156085
2026-02,1.3139387051667495
2026-03,0.36783460606863094
2026-04,-0.0196429522127733
2026-05,0.10202558387832537
2026-06,0.8283335109098096
2026-07,0.46041319637039924
2026-08,0.36077180291692373
2026-09,0.747829312502147
2026-10,1.0089131738558248
