date,NGAO
1993-01,-0.12692492298230618
1993-02,0.2736258875691597
1993-03,0.6540973831069347
1993-04,0.6515179203202208
1993-05,0.8218884074600221
1993-06,1.0289056582462943
1993-07,1.3337457462009077
1993-08,1.64449876383485
1993-09,1.386913506478615
1993-10,1.6924779101219554
1993-11,1.6119782546424049
1993-12,1.4552896608688857
1994-01,1.480698874241452
1994-02,1.0369271950501806
1994-03,1.0372165060416607
1994-04,0.9651397686722052
1994-05,0.6232227411428455
1994-06,0.6203542304645225
1994-07,0.47684256488472127
1994-08,0.5325548392063377
1994-09,0.825093789788758
1994-10,0.611218393173153
1994-11,-0.04048724566544463
1994-12,-0.5237162817763195
1995-01,0.10385700217671474
1995-02,1.0416946329596966
1995-03,0.6456999637404375
1995-04,0.44925384219425196
1995-05,0.8091773479718452
1995-06,0.3560790211772486
1995-07,0.22841493579349315
1995-08,-0.36822012037850577
1995-09,0.4435951326001389
1995-10,0.16348088093747098
1995-11,0.1965148161458841
1995-12,0.017023156511724945
1996-01,0.06606017470500027
1996-02,0.024693945366273666
1996-03,0.3392880126159271
1996-04,0.4277144613830424
1996-05,0.7164768868012055
1996-06,0.6876951118182559
1996-07,0.3237147688257481
1996-08,0.31743670723925177
1996-09,0.2924559243746253
1996-10,0.039919719809815346
1996-11,0.04033501165735184
1996-12,-0.1937222022836221
1997-01,0.03726655654485532
1997-02,0.4503817837803098
1997-03,-0.21813042099315444
1997-04,-0.08285288523381251
1997-05,0.255961627345673
1997-06,0.061725240356892745
1997-07,0.2096670573294932
1997-08,0.40047046523104024
1997-09,0.7323349654152737
1997-10,0.8049391500234357
1997-11,0.2817457988832468
1997-12,0.5358679945750678
1998-01,-0.243749223165263
1998-02,0.44460041230096203
1998-03,0.7675156938161711
1998-04,0.43427561007584153
1998-05,0.271222605154917
1998-06,0.561443621811055
1998-07,0.2825800772360459
1998-08,0.2848040127484378
1998-09,-0.3867025828389863
1998-10,-0.45546213919774964
1998-11,-0.6818868896768674
1998-12,-0.7329672508221362
1999-01,-0.7180465048722617
1999-02,-1.8280910901046856
1999-03,-1.3158520099296112
1999-04,-0.9627810131420631
1999-05,-1.2896644154269636
1999-06,-1.3597345119476774
1999-07,-1.644270913030953
1999-08,-1.4471904565740386
1999-09,-1.502701500045086
1999-10,-1.3365946760230867
1999-11,-1.715400137650806
1999-12,-1.1975714594987326
2000-01,-2.238501739371354
2000-02,-1.6041171717048828
2000-03,-1.2032892796188104
2000-04,-1.4536222219185446
2000-05,-1.7671932410276097
2000-06,-1.1392709973347144
2000-07,-1.268431158676322
2000-08,-1.3536997391299306
2000-09,-1.1863775951891176
2000-10,-1.3942649808886158
2000-11,-0.8714134488035307
2000-12,-0.7358332072022813
2001-01,-0.6595547319505969
2001-02,-0.8418565392786402
2001-03,-0.4451617440745864
2001-04,-0.9342502241913803
2001-05,-1.012735697319574
2001-06,-1.261232184332135
2001-07,-0.9453622992575409
2001-08,-1.233721375697116
2001-09,-1.4977021263185541
2001-10,-1.5481104765437772
2001-11,-1.3499848653776956
2001-12,-1.8855277276709104
2002-01,-1.4579751862249892
2002-02,-1.8647265873482608
2002-03,-1.4016107970282143
2002-04,-1.0776030101373655
2002-05,-1.0362247974379302
2002-06,-0.9148730051276174
2002-07,-0.38544254472211587
2002-08,-1.0658464479596765
2002-09,-0.8833132920392719
2002-10,-0.35859334533834475
2002-11,0.2171207306558936
2002-12,-0.018392032848541105
2003-01,0.6614108142989986
2003-02,1.3238037975784416
2003-03,0.8336527477238035
2003-04,0.39907647196375423
2003-05,0.536384857304031
2003-06,0.5822003461166845
2003-07,0.8828497260821788
2003-08,0.7412303279451183
2003-09,0.6727284374777394
2003-10,0.5206735061936684
2003-11,0.6656508821047997
2003-12,-0.07116289090195972
2004-01,0.5380911188887803
2004-02,0.5495159108023754
2004-03,0.5931212368243671
2004-04,0.681177009387227
2004-05,1.2827156628750507
2004-06,1.1305235384391636
2004-07,0.8266610701574616
2004-08,1.0687309959337676
2004-09,1.0109885021855518
2004-10,0.7300314916732707
2004-11,1.0572057678244173
2004-12,1.3383337178082242
2005-01,1.1238467041436901
2005-02,1.5255766840863698
2005-03,1.543054776711858
2005-04,1.3562046405299504
2005-05,1.3868605523024709
2005-06,1.3726165138039015
2005-07,1.772600557868282
2005-08,1.6201353565357077
2005-09,1.493767220638839
2005-10,0.6802151880815971
2005-11,0.7836638336330408
2005-12,0.691409515566592
2006-01,0.6586422233629766
2006-02,0.41267649826259645
2006-03,-0.1870299777389574
2006-04,0.4321407860631812
2006-05,0.02738157825032679
2006-06,0.16449233076344796
2006-07,0.07449968397940411
2006-08,0.03611361512076698
2006-09,0.07149697579892964
2006-10,0.6225990360606731
2006-11,0.27570728937777245
2006-12,-0.38629349030007565
2007-01,-0.37597586465384947
2007-02,-0.7720664856923342
2007-03,-0.514824087649972
2007-04,-0.6023563059298742
2007-05,-0.27424962391911945
2007-06,-1.2400751815535742
2007-07,-0.7192071358286962
2007-08,-0.6615541639152583
2007-09,-0.27036242925938403
2007-10,-1.1122098652633008
2007-11,-0.0978832000971424
2007-12,-0.264489421337394
2008-01,-0.555258880910219
2008-02,-1.029432633141143
2008-03,-0.8307392099801615
2008-04,-1.0122669900088248
2008-05,-1.3209068858829034
2008-06,-1.5677898297225104
2008-07,-1.455769128379989
2008-08,-1.5997424380845757
2008-09,-1.6748690957730594
2008-10,-1.6342399814658513
2008-11,-1.6109846018425769
2008-12,-0.9754295561137789
2009-01,-1.165820436249645
2009-02,-1.9027235283794743
2009-03,-1.2913542857077926
2009-04,-1.2123031111376537
2009-05,-1.3840150360594132
2009-06,-1.072881656396683
2009-07,-0.9681329278427179
2009-08,-0.8913514849162724
2009-09,-1.0461044067924947
2009-10,-0.7014473233192176
2009-11,-1.1359187014243077
2009-12,-0.22298946961331742
2010-01,-0.18258701050729975
2010-02,-0.1491596563406724
2010-03,-0.33247598034949916
2010-04,-0.37661946913546535
2010-05,-0.7292234229989256
2010-06,-0.32763906496654804
2010-07,-0.24122887473942756
2010-08,-0.32107448303044517
2010-09,-0.5773287479613947
2010-10,-0.46539047131678984
2010-11,-0.24845612860919236
2010-12,-0.8319562923514987
2011-01,-0.1693558986110204
2011-02,-0.6130312388171772
2011-03,-0.45218619468120363
2011-04,-0.6772875870087647
2011-05,-0.9765823430806728
2011-06,-0.6362001254062022
2011-07,-0.5098694423040899
2011-08,-0.633469537140004
2011-09,-0.9270557906141181
2011-10,-0.7225027835419457
2011-11,-0.8233893682906974
2011-12,-0.4549959493927029
2012-01,-0.9244360587770905
2012-02,-0.6644554317332437
2012-03,-1.4064003973519634
2012-04,-1.0280435639203038
2012-05,-0.8161226431321994
2012-06,-0.8926460825953983
2012-07,-0.7868084442581383
2012-08,-1.0177474719712696
2012-09,-0.6489312746859361
2012-10,-0.4163504205721377
2012-11,-0.6241345002622233
2012-12,-0.7847997670148672
2013-01,-0.7087845141993746
2013-02,-0.8326449556376204
2013-03,-0.3721257136889297
2013-04,-0.5885172115891963
2013-05,-0.7472494795482713
2013-06,-0.5831683542933696
2013-07,-0.5801157527080243
2013-08,-0.5957971349726446
2013-09,-0.4129965886373996
2013-10,-0.13284114244587378
2013-11,-0.04420785065565487
2013-12,0.33783045942289053
2014-01,0.5248607659540451
2014-02,0.10212263513208078
2014-03,1.1434477378041528
2014-04,0.8983982646677853
2014-05,1.1327679038754823
2014-06,1.0614197605619184
2014-07,1.1417920508896926
2014-08,1.4221024675997012
2014-09,1.5467499587521305
2014-10,0.9884382584702831
2014-11,1.2365945614051879
2014-12,1.9111081108799362
2015-01,2.2583553932950218
2015-02,2.342537271689044
2015-03,2.461898410399784
2015-04,2.1660537325695333
2015-05,1.9086556025832109
2015-06,2.036382899294585
2015-07,1.9460660181067888
2015-08,1.8595398388749536
2015-09,1.9971451798687367
2015-10,1.740181764115082
2015-11,1.5577020986072345
2015-12,0.9931708123054612
2016-01,0.938463970532686
2016-02,1.2744836780472597
2016-03,1.1188291835183872
2016-04,1.3448845147550201
2016-05,1.3576423101883586
2016-06,1.445808303474134
2016-07,0.8196438035302333
2016-08,0.9012337236174738
2016-09,0.8880001960182248
2016-10,0.7831761201388926
2016-11,0.8674543238656723
2016-12,0.9854692085502322
2017-01,0.1799922449549644
2017-02,0.4668844779728024
2017-03,-0.13964492677642018
2017-04,0.012295222454913851
2017-05,-0.14264726524138338
2017-06,-0.16973703957542327
2017-07,-0.38023558628503545
2017-08,-0.116455061326745
2017-09,-0.41676859226193336
2017-10,0.016627695719712888
2017-11,0.10740723390092695
2017-12,0.9742590875196161
2018-01,0.04989740587874503
2018-02,0.22071487769381334
2018-03,-0.010602045719461814
2018-04,0.3936141216088626
2018-05,0.35039448584021793
2018-06,0.5803248840923577
2018-07,0.3581756442185491
2018-08,0.9378480587431758
2018-09,0.7522827923903492
2018-10,1.368536690310647
2018-11,1.283979293364721
2018-12,0.8720201910562149
2019-01,1.2207182454308743
2019-02,1.3502105137640912
2019-03,2.107822472176303
2019-04,1.8897983150222484
2019-05,1.5211537593642277
2019-06,1.8885959302591808
2019-07,2.0536109786166823
2019-08,2.169544181774216
2019-09,1.9726761881962953
2019-10,1.9243631945033806
2019-11,2.63437039727047
2019-12,2.0085499229218815
2020-01,0.9475698618672425
2020-02,1.1039764098814837
2020-03,0.6168253809858287
2020-04,0.9918905915882585
2020-05,1.3794702619165724
2020-06,1.1162983769300994
2020-07,1.218852725507397
2020-08,0.48766567686834866
2020-09,0.6931179166700512
2020-10,1.1734857219108694
2020-11,0.722722889189529
2020-12,0.4836686695356858
2021-01,0.3875683716030762
2021-02,0.14425640728189143
2021-03,-0.2722805312118866
2021-04,0.6133659167448611
2021-05,0.1770029091651025
2021-06,-0.042245080357299965
2021-07,-0.18730953530783526
2021-08,0.13868577546444377
2021-09,-0.3183602152924276
2021-10,-1.1436505719161405
2021-11,-1.0833819044513566
2021-12,-1.2187806250768227
2022-01,-0.8765546434430025
2022-02,-0.45384913144143735
2022-03,-1.0162160009893482
2022-04,-0.9889593617813537
2022-05,-0.8477238866743634
2022-06,-0.5618876700786715
2022-07,-0.7148550618509835
2022-08,-0.8115737729490611
2022-09,-0.4330819485758324
2022-10,0.021717224620995294
2022-11,-0.818479297430306
2022-12,-0.4389430211576072
2023-01,-0.05219034890734028
2023-02,-0.29896507407011047
2023-03,-0.6111742432706113
2023-04,-0.8081625220737407
2023-05,-0.2326914888227916
2023-06,-0.7075222726767315
2023-07,-0.552395063150332
2023-08,-0.4104137083251761
2023-09,-0.33806431521116487
2023-10,0.003378895409616418
2023-11,-0.078447323945573
2023-12,-0.015913053021459237
2024-01,0.1290242379779532
2024-02,0.4609787786698448
2024-03,0.6172849183442061
2024-04,0.19065256056684407
2024-05,0.1731365215198069
2024-06,-0.06413857572274802
2024-07,-0.3631860217049322
2024-08,0.04654026489360918
2024-09,-0.2996405112363555
2024-10,-0.723081453567886
2024-11,-0.7756199268407478
2024-12,0.0026271283228156924
2025-01,0.32633220649936573
2025-02,-0.010083282817285004
2025-03,-0.4111300235439398
2025-04,-0.19125234461389312
2025-05,-0.5927961994209647
2025-06,-0.6013391897652267
2025-07,-0.8396154287268843
2025-08,-0.7934271983233653
2025-09,-0.849187735466892
2025-10,-0.8524636229794638
2025-11,-0.8850500683608524
2025-12,-1.2322076184640705
2026-01,-1.1614380141152163
2026-02,-1.563019745680592
2026-03,-1.7825179072178226
2026-04,-2.228835226807219
2026-05,-1.8952751754308015
2026-06,-1.8721244583775165
2026-07,-2.4494449995566128
2026-08,-1.643040688790648
2026-09,-1.0111973197296995
2026-10,-0.4859348211630598
